{
  "project_info": {
    "project_number": "830597415011",
    "firebase_url": "https://dicicilaja-db65b.firebaseio.com",
    "project_id": "dicicilaja-db65b",
    "storage_bucket": "dicicilaja-db65b.appspot.com"
  },
  "client": [
    {
      "client_info": {
        "mobilesdk_app_id": "1:830597415011:android:c28a2daefd6933d4",
        "android_client_info": {
          "package_name": "com.dicicilaja.app"
        }
      },
      "oauth_client": [
        {
          "client_id": "830597415011-jcan45fvar6f2uadn5d52pckddq3mr02.apps.googleusercontent.com",
          "client_type": 3
        }
      ],
      "api_key": [
        {
          "current_key": "AIzaSyBdSuZWOQKA42dqdUjNS5mWFgWtq_82CNc"
        }
      ],
      "services": {
        "analytics_service": {
          "status": 1
        },
        "appinvite_service": {
          "status": 1,
          "other_platform_oauth_client": []
        },
        "ads_service": {
          "status": 2
        }
      }
    }
  ],
  "configuration_version": "1"
}